{
 "description": "Noticm nijojopjpojpojoe type", 
 "title": "Notice", 
 "additionalProperties": false, 
 "definitions": {
  "org": {
   "additionalProperties": false, 
   "properties": {
    "parent": {
     "type": "integer"
    }, 
    "agencyName": {
     "type": "string"
    }, 
    "agencyCode": {
     "type": "integer", 
     "description": "An agency code as defined by DCAS"
    }, 
    "agency": {
     "type": "string"
    }, 
    "agencyDivision": {
     "type": "string"
    }, 
    "agencyDivisionId": {
     "type": "integer"
    }, 
    "name": {
     "type": "string"
    }
   }, 
   "type": "object", 
   "description": "A DCAS Organization.\nSee: http://talk.beta.nyc", 
   "title": "Organization"
  }, 
  "basenotice": {
   "description": "The schema is still a working draft, but the\n completion of it is fairly simple if we can make sure that we are on the same\n page with DCAS as to what we are trying to do.\n", 
   "title": "NoticeBase", 
   "required": [
    "noticeId", 
    "noticeTypeName"
   ], 
   "additionalProperties": false, 
   "type": "object", 
   "properties": {
    "noticeId": {
     "type": "string", 
     "description": "sampleValue=20130621104 \nmappedField=RequestID \naction=1 \ncomment=incl"
    }, 
    "shortTitle": {
     "type": "string", 
     "description": "sampleValue=20130621104 \nmappedField=RequestID \naction=1 \ncomment=incl"
    }, 
    "noticeType": {
     "$ref": "#/definitions/noticeType"
    }, 
    "sectionName": {
     "type": "string", 
     "description": "sampleValue=20130621104 \nmappedField=RequestID \naction=1 \ncomment=incl"
    }, 
    "otherInfo": {
     "type": "string", 
     "description": "sampleValue=20130621104 \nmappedField=RequestID \naction=1 \ncomment=incl"
    }, 
    "noticeDescription": {
     "type": "string", 
     "description": "sampleValue=20130621104 \nmappedField=RequestID \naction=1 \ncomment=incl"
    }, 
    "organization": {
     "$ref": "#/definitions/org"
    }, 
    "noticeTypeName": {
     "type": "string", 
     "description": "sampleValue=20130621104 \nmappedField=RequestID \naction=1 \ncomment=incl"
    }, 
    "printOut": {
     "type": "string", 
     "description": "sampleValue=20130621104 \nmappedField=RequestID \naction=1 \ncomment=incl"
    }
   }
  }, 
  "noticeType": {
   "additionalProperties": false, 
   "properties": {
    "name": {
     "type": "string"
    }, 
    "id": {
     "type": "integer", 
     "description": "The reference ID of the notice type "
    }
   }, 
   "type": "object", 
   "description": "The type of notices available.\n For DCAS, see proc_Type_of_Notice for possible values", 
   "title": "NoticeType"
  }, 
  "address": {
   "additionalProperties": false, 
   "properties": {
    "parent": {
     "type": "integer"
    }, 
    "agencyName": {
     "type": "string"
    }, 
    "agencyCode": {
     "type": "integer", 
     "description": "An address code as defined by DCAS"
    }, 
    "agency": {
     "type": "string"
    }, 
    "agencyDivision": {
     "type": "string"
    }, 
    "agencyDivisionId": {
     "type": "integer"
    }, 
    "name": {
     "type": "string"
    }
   }, 
   "type": "object", 
   "description": "A DCAS Organization.\nSee: http://talk.beta.nyc\n", 
   "title": "Address"
  }
 }, 
 "$schema": "http://json-schema.org/draft-04/schema#", 
 "type": "object", 
 "properties": {
  "doc": {
   "$ref": "#/definitions/basenotice"
  }, 
  "items": {
   "items": {
    "additionalProperties": false, 
    "properties": {
     "description": {
      "type": "string", 
      "description": ""
     }, 
     "adminContext": {
      "type": "string"
     }, 
     "refOrg": {
      "items": {
       "$ref": "#/definitions/org"
      }, 
      "type": "array"
     }, 
     "itemObject": {
      "type": "string"
     }, 
     "itemAction": {
      "type": "string"
     }, 
     "id": {
      "type": "integer", 
      "description": ""
     }, 
     "documentContext": {
      "type": "string"
     }
    }, 
    "type": "object", 
    "description": "", 
    "title": "Notice Item"
   }, 
   "type": "array"
  }, 
  "address": {
   "$ref": "#/definitions/address"
  }
 }
}
